,O1,O2,O3,O4,O5,O6,O7,O8,O9,O10,O11,O12,O13,O14,O15,O16,O17,O18,O19,O20,O21,O22,O23,O24,O25,O26,O27,O28,O29,O30,O31,O32,O33,O34,O35,O36,O37,O38,O39,O40,O41,O42,O43,O44,O45,O46,O47,O48,D1,D2,D3,D4,D5,D6,D7,D8,D9,D10,D11,D12,D13,D14,D15,D16,D17,D18,D19,D20,D21,D22,D23,D24,D25,D26,D27,D28,D29,D30,D31,D32,D33,D34,D35,D36,D37,D38,D39,D40,D41,D42,D43,D44,D45,D46,D47,D48
O1,999.0,2.98,3.143,7.532,5.073,2.363,1.219,5.633,1.26,2.774,4.868,3.315,1.384,1.114,4.51,1.161,6.063,1.728,1.85,3.135,5.591,3.543,3.424,2.079,0.25,3.775,0.264,2.15,3.868,2.965,2.386,6.795,4.873,6.234,3.125,1.887,5.236,5.008,6.669,2.13,1.178,2.035,2.187,1.638,4.74,2.315,2.057,3.254,13.792,14.463,13.792,1.799,2.631,14.463,0.635,33.056,2.631,38.373,13.792,2.631,17.398,2.631,2.631,2.631,16.184,17.398,16.184,33.286,33.056,33.056,2.631,2.631,33.056,16.184,17.266,13.252,14.463,17.398,33.056,2.631,16.184,16.184,13.792,17.398,13.792,33.056,2.631,16.184,1.825,2.631,2.631,2.631,2.631,2.631,2.631,33.056
O2,2.98,999.0,3.34,8.476,7.944,5.233,1.762,5.829,2.477,3.508,5.065,6.186,2.383,3.691,5.244,2.015,7.868,3.96,3.248,4.079,7.396,5.348,4.079,1.563,2.731,6.006,3.048,2.326,2.805,4.369,3.33,7.739,7.744,8.038,2.272,4.119,8.107,6.018,4.388,4.361,2.033,3.474,3.131,3.87,7.611,5.185,3.971,3.451,13.988,16.695,13.988,2.56,2.856,16.695,2.845,30.743,2.856,36.061,13.988,2.856,15.085,2.856,2.856,2.856,18.416,15.085,18.416,31.729,30.743,30.743,2.856,2.856,30.743,18.416,17.808,15.483,16.695,15.085,30.743,2.856,18.416,18.416,13.988,15.085,13.988,30.743,2.856,18.416,2.484,2.856,2.856,2.856,2.856,2.856,2.856,30.743
O3,3.18,2.832,999.0,9.403,8.201,5.491,2.688,2.951,1.92,4.434,2.186,6.444,3.309,4.002,6.17,2.894,8.794,3.517,4.175,5.006,8.322,6.274,2.09,2.421,3.049,5.639,3.306,1.623,1.964,3.56,4.256,8.665,8.002,8.965,1.301,3.988,8.364,3.22,4.283,4.231,2.96,2.959,4.057,3.898,7.869,5.443,3.457,0.572,11.11,13.985,11.11,3.486,1.049,13.985,3.338,31.247,1.049,36.565,11.11,1.049,15.039,1.049,1.049,1.049,17.355,15.039,17.355,30.604,31.247,31.247,1.049,1.049,31.247,17.355,14.93,14.928,13.985,15.039,31.247,1.049,17.355,17.355,11.11,15.039,11.11,31.247,1.049,17.355,1.355,1.049,1.049,1.049,1.049,1.049,1.049,31.247
O4,7.532,8.488,9.889,999.0,6.761,8.992,7.943,12.379,8.441,5.42,11.615,7.633,7.284,6.613,4.626,7.947,4.499,9.046,6.07,4.939,4.17,4.861,10.498,7.978,7.421,11.093,7.268,8.741,9.804,10.284,5.459,1.325,7.152,2.692,9.061,9.206,6.951,12.189,11.624,9.416,7.596,9.333,5.345,8.956,7.809,8.944,9.376,10.001,20.538,21.692,20.538,7.348,9.406,21.692,7.242,37.979,9.406,43.296,20.538,9.406,22.321,9.406,9.406,9.406,23.412,22.321,23.412,38.965,37.979,37.979,9.406,9.406,37.979,23.412,24.358,19.751,21.692,22.321,37.979,9.406,23.412,23.412,20.538,22.321,20.538,37.979,9.406,23.412,8.899,9.406,9.406,9.406,9.406,9.406,9.406,37.979
O5,5.063,7.97,8.19,6.761,999.0,4.279,6.208,10.68,6.307,6.175,9.916,2.041,6.374,5.939,7.979,6.151,3.998,5.464,5.856,6.378,2.797,4.364,7.924,7.068,5.239,5.538,5.2,7.197,8.915,6.701,5.628,6.992,0.39,4.874,8.173,5.513,0.812,9.411,11.69,5.258,6.167,5.858,5.429,5.134,1.671,4.335,5.793,8.302,16.842,16.099,16.842,6.651,7.678,16.099,5.585,36.979,7.678,42.297,16.842,7.678,21.379,7.678,7.678,7.678,17.82,21.379,17.82,36.337,36.979,36.979,7.678,7.678,36.979,17.82,18.902,13.828,16.099,21.379,36.979,7.678,17.82,17.82,16.842,21.379,16.842,36.979,7.678,17.82,6.873,7.678,7.678,7.678,7.678,7.678,7.678,36.979
O6,2.339,5.245,5.466,8.948,4.264,999.0,3.483,7.956,3.583,4.791,7.191,2.507,3.649,3.215,6.581,3.426,6.89,2.739,3.921,4.993,6.351,4.37,5.2,4.344,2.514,2.874,2.476,4.473,6.191,3.651,4.244,8.653,4.065,7.061,5.448,2.25,4.427,6.686,8.966,1.995,3.443,3.134,4.045,2.409,3.932,0.057,3.069,5.577,14.179,13.436,14.179,3.926,4.954,13.436,2.86,34.316,4.954,39.633,14.179,4.954,18.715,4.954,4.954,4.954,15.157,18.715,15.157,33.673,34.316,34.316,4.954,4.954,34.316,15.157,16.239,11.495,13.436,18.715,34.316,4.954,15.157,15.157,14.179,18.715,14.179,34.316,4.954,15.157,4.148,4.954,4.954,4.954,4.954,4.954,4.954,34.316
O7,1.219,1.762,2.74,7.96,6.182,3.472,999.0,5.23,0.858,2.992,4.466,4.424,0.827,1.983,4.727,0.253,7.091,2.198,1.909,3.563,6.619,4.571,3.022,0.86,0.969,4.245,1.286,1.748,3.077,3.026,2.814,7.223,5.982,7.262,2.335,2.357,6.345,4.675,5.483,2.6,0.368,2.131,2.615,2.108,5.85,3.424,2.386,2.852,13.389,14.933,13.389,1.331,2.229,14.933,1.083,31.837,2.229,37.155,13.389,2.229,16.18,2.229,2.229,2.229,16.654,16.18,16.654,32.823,31.837,31.837,2.229,2.229,31.837,16.654,17.209,13.722,14.933,16.18,31.837,2.229,16.654,16.654,13.389,16.18,13.389,31.837,2.229,16.654,1.423,2.229,2.229,2.229,2.229,2.229,2.229,31.837
O8,5.629,5.281,2.951,11.851,10.65,7.94,5.137,999.0,4.369,6.883,1.12,8.892,5.758,6.451,8.619,5.342,11.243,5.966,6.623,7.454,10.771,8.723,4.538,4.87,5.497,8.087,5.755,4.071,3.584,6.009,6.705,11.114,10.45,11.413,3.75,6.437,10.813,3.426,3.366,6.679,5.408,5.408,6.506,6.346,10.318,7.892,5.905,3.021,11.315,14.19,11.315,5.935,3.498,14.19,5.787,31.452,3.498,36.77,11.315,3.498,14.994,3.498,3.498,3.498,17.56,14.994,17.56,30.81,31.452,31.452,3.498,3.498,31.452,17.56,15.135,15.134,14.19,14.994,31.452,3.498,17.56,17.56,11.315,14.994,11.315,31.452,3.498,17.56,3.803,3.498,3.498,3.498,3.498,3.498,3.498,31.452
O9,1.26,2.477,1.883,8.441,6.281,3.571,0.858,4.373,999.0,3.683,3.608,4.524,1.547,2.082,5.419,0.974,7.191,1.798,2.629,4.044,6.718,4.67,2.164,1.105,1.129,4.115,1.386,0.89,2.608,2.225,3.295,7.704,6.082,7.361,1.865,2.227,6.444,3.874,5.409,2.469,1.088,1.329,3.096,1.978,5.949,3.523,1.737,1.994,12.532,14.803,12.532,2.051,1.371,14.803,1.418,32.552,1.371,37.87,12.532,1.371,16.461,1.371,1.371,1.371,16.524,16.461,16.524,32.026,32.552,32.552,1.371,1.371,32.552,16.524,16.352,13.592,14.803,16.461,32.552,1.371,16.524,16.524,12.532,16.461,12.532,32.552,1.371,16.524,0.565,1.371,1.371,1.371,1.371,1.371,1.371,32.552
O10,2.777,3.529,4.93,5.42,6.136,4.801,2.984,7.42,3.686,999.0,6.656,5.377,2.429,1.858,2.501,3.093,5.732,4.291,1.215,0.937,5.26,3.212,5.539,3.019,2.666,6.338,2.513,3.782,4.845,5.529,1.029,4.682,5.745,5.903,4.103,4.451,6.703,7.434,7.25,4.693,2.637,4.578,0.83,4.201,6.529,4.753,4.621,5.042,15.579,17.027,15.579,2.494,4.447,17.027,2.487,33.605,4.447,38.922,15.579,4.447,17.947,4.447,4.447,4.447,18.747,17.947,18.747,34.591,33.605,33.605,4.447,4.447,33.605,18.747,19.399,15.815,17.027,17.947,33.605,4.447,18.747,18.747,15.579,17.947,15.579,33.605,4.447,18.747,3.941,4.447,4.447,4.447,4.447,4.447,4.447,33.605
O11,4.864,4.516,2.186,11.087,9.885,7.175,4.372,1.12,3.604,6.118,999.0,8.128,4.993,5.686,7.854,4.578,10.478,5.201,5.859,6.69,10.006,7.958,3.774,4.105,4.733,7.323,4.99,3.307,3.544,5.244,5.94,10.349,9.686,10.649,2.985,5.672,10.048,2.661,4.164,5.915,4.644,4.643,5.741,5.582,9.553,7.127,5.141,2.256,10.551,13.425,10.551,5.171,2.733,13.425,5.022,30.688,2.733,36.005,10.551,2.733,14.48,2.733,2.733,2.733,16.796,14.48,16.796,30.045,30.688,30.688,2.733,2.733,30.688,16.796,14.371,14.369,13.425,14.48,30.688,2.733,16.796,16.796,10.551,14.48,10.551,30.688,2.733,16.796,3.039,2.733,2.733,2.733,2.733,2.733,2.733,30.688
O12,3.292,6.198,6.418,7.532,2.027,2.507,4.436,8.908,4.536,5.417,8.144,999.0,4.602,4.167,7.22,4.379,5.315,3.692,4.873,5.619,4.114,4.321,6.152,5.296,3.467,4.419,3.429,5.425,7.143,4.929,4.87,7.762,1.827,5.645,6.401,3.741,2.19,7.639,9.919,3.486,4.395,4.087,4.671,3.362,1.694,2.563,4.021,6.53,15.723,14.98,15.723,4.879,5.906,14.98,3.813,35.86,5.906,41.178,15.723,5.906,20.26,5.906,5.906,5.906,16.701,20.26,16.701,35.218,35.86,35.86,5.906,5.906,35.86,16.701,17.783,13.04,14.98,20.26,35.86,5.906,16.701,16.701,15.723,20.26,15.723,35.86,5.906,16.701,5.101,5.906,5.906,5.906,5.906,5.906,5.906,35.86
O13,1.384,2.375,3.43,7.284,6.348,3.637,0.827,5.92,1.547,2.427,5.155,4.59,999.0,1.657,4.162,0.796,6.676,2.364,1.214,2.887,6.203,4.155,3.711,1.632,1.135,4.411,1.397,2.437,3.69,3.601,2.138,6.547,6.148,6.846,2.948,2.523,6.511,5.364,6.096,2.765,0.459,2.551,1.939,2.274,6.015,3.589,2.693,3.541,14.079,15.099,14.079,0.806,2.918,15.099,1.046,32.45,2.918,37.768,14.079,2.918,16.793,2.918,2.918,2.918,16.82,16.793,16.82,33.436,32.45,32.45,2.918,2.918,32.45,16.82,17.899,13.888,15.099,16.793,32.45,2.918,16.82,16.82,14.079,16.793,14.079,32.45,2.918,16.82,2.112,2.918,2.918,2.918,2.918,2.918,2.918,32.45
O14,1.114,3.678,3.965,6.613,5.848,3.138,1.983,6.455,2.082,1.856,5.69,4.09,1.657,999.0,3.591,1.925,5.543,2.644,0.931,2.216,5.071,3.023,4.246,2.843,1.014,4.691,0.85,2.972,4.69,3.881,1.467,5.876,5.556,5.713,3.948,2.803,6.011,5.83,7.399,3.046,1.942,2.95,1.268,2.554,5.515,3.09,2.973,4.076,14.614,15.379,14.614,1.721,3.453,15.379,1.025,33.753,3.453,39.071,14.614,3.453,18.096,3.453,3.453,3.453,17.1,18.096,17.1,34.109,33.753,33.753,3.453,3.453,33.753,17.1,18.182,14.168,15.379,18.096,33.753,3.453,17.1,17.1,14.614,18.096,14.614,33.753,3.453,17.1,2.647,3.453,3.453,3.453,3.453,3.453,3.453,33.753
O15,4.51,5.262,6.663,4.626,7.965,6.534,4.717,9.153,5.419,2.501,8.389,7.207,4.162,3.591,999.0,4.826,7.331,6.024,2.948,2.445,6.859,4.634,7.272,4.752,4.399,8.071,4.246,5.515,6.578,7.261,2.965,5.153,7.575,6.92,5.836,6.184,8.533,9.167,7.798,6.426,4.37,6.311,2.825,5.934,8.358,6.486,6.354,6.775,17.312,18.76,17.312,4.227,6.18,18.76,4.22,34.153,6.18,39.47,17.312,6.18,18.495,6.18,6.18,6.18,20.48,18.495,20.48,35.139,34.153,34.153,6.18,6.18,34.153,20.48,21.132,17.548,18.76,18.495,34.153,6.18,20.48,20.48,17.312,18.495,17.312,34.153,6.18,20.48,5.674,6.18,6.18,6.18,6.18,6.18,6.18,34.153
O16,1.161,2.015,2.856,7.947,6.125,3.414,0.253,5.346,0.974,3.09,4.582,4.367,0.796,1.925,4.826,999.0,7.034,2.141,1.878,3.55,6.562,4.514,3.138,1.114,0.912,4.188,1.229,1.863,3.33,3.142,2.801,7.21,5.925,7.204,2.588,2.3,6.288,4.791,5.736,2.542,0.484,2.208,2.602,2.051,5.792,3.366,2.443,2.968,13.505,14.876,13.505,1.447,2.344,14.876,1.026,32.09,2.344,37.408,13.505,2.344,16.433,2.344,2.344,2.344,16.597,16.433,16.597,33.0,32.09,32.09,2.344,2.344,32.09,16.597,17.325,13.665,14.876,16.433,32.09,2.344,16.597,16.597,13.505,16.433,13.505,32.09,2.344,16.597,1.539,2.344,2.344,2.344,2.344,2.344,2.344,32.09
O17,6.006,7.871,9.133,4.499,3.998,6.935,7.151,11.623,7.25,5.772,10.858,5.402,6.667,5.545,7.331,7.094,999.0,7.287,5.453,5.948,1.407,2.804,9.414,7.361,6.182,8.898,5.95,8.124,9.187,8.524,5.225,4.729,4.389,2.612,8.444,7.423,4.188,10.998,11.592,7.358,6.979,7.681,5.026,6.957,5.046,6.887,7.616,9.245,19.782,19.46,19.782,6.731,8.621,19.46,6.37,36.896,8.621,42.214,19.782,8.621,20.198,8.621,8.621,8.621,21.181,20.198,21.181,37.882,36.896,36.896,8.621,8.621,36.896,21.181,22.262,17.204,19.46,20.198,36.896,8.621,21.181,21.181,19.782,20.198,19.782,36.896,8.621,21.181,7.815,8.621,8.621,8.621,8.621,8.621,8.621,36.896
O18,1.706,3.938,3.44,9.024,5.453,2.733,2.176,5.93,1.893,4.267,5.165,3.695,2.342,2.622,6.002,2.119,7.207,999.0,3.317,4.627,6.734,4.686,3.022,2.651,1.682,2.621,1.926,2.641,4.318,1.811,3.878,8.287,5.253,7.377,3.576,0.733,5.616,4.509,7.12,0.988,2.135,0.957,3.679,1.229,5.121,2.685,0.619,3.551,13.379,13.309,13.379,3.016,2.928,13.309,2.007,33.517,2.928,38.834,13.379,2.928,17.916,2.928,2.928,2.928,15.03,17.916,15.03,32.874,33.517,33.517,2.928,2.928,33.517,15.03,16.112,12.098,13.309,17.916,33.517,2.928,15.03,15.03,13.379,17.916,13.379,33.517,2.928,15.03,2.316,2.928,2.928,2.928,2.928,2.928,2.928,33.517
O19,1.85,3.182,4.512,6.07,5.865,3.874,1.909,7.002,2.629,1.212,6.237,4.826,1.214,0.931,2.948,1.878,5.461,3.339,999.0,1.673,4.989,2.941,4.793,2.671,1.739,5.386,1.586,3.434,4.497,4.576,0.923,5.332,5.474,5.632,3.755,3.499,6.432,6.447,6.902,3.741,1.541,3.621,0.724,3.249,6.252,3.826,3.669,4.623,15.161,16.075,15.161,1.279,4.0,16.075,1.481,33.257,4.0,38.575,15.161,4.0,17.6,4.0,4.0,4.0,17.795,17.6,17.795,34.243,33.257,33.257,4.0,4.0,33.257,17.795,18.877,14.863,16.075,17.6,33.257,4.0,17.795,17.795,15.161,17.6,15.161,33.257,4.0,17.795,3.194,4.0,4.0,4.0,4.0,4.0,4.0,33.257
O20,3.135,4.091,5.492,4.939,6.348,5.042,3.546,7.982,4.044,0.937,7.217,5.589,2.887,2.216,2.445,3.55,5.944,4.649,1.673,999.0,5.472,3.424,6.101,3.581,3.024,6.696,2.871,4.344,5.407,5.886,1.062,4.201,5.957,6.114,4.664,4.809,6.915,7.792,7.812,5.051,3.198,4.936,0.948,4.559,6.74,4.994,4.979,5.604,16.141,17.385,16.141,2.951,5.009,17.385,2.845,34.167,5.009,39.484,16.141,5.009,18.509,5.009,5.009,5.009,19.105,18.509,19.105,35.153,34.167,34.167,5.009,5.009,34.167,19.105,19.961,16.147,17.385,18.509,34.167,5.009,19.105,19.105,16.141,18.509,16.141,34.167,5.009,19.105,4.502,5.009,5.009,5.009,5.009,5.009,5.009,34.167
O21,5.534,7.399,8.661,4.17,2.797,6.438,6.679,11.151,6.778,5.299,10.386,4.2,6.195,5.072,6.859,6.621,1.407,6.814,4.98,5.476,999.0,2.332,8.942,6.889,5.71,7.697,5.477,7.651,8.714,8.052,4.752,4.401,3.187,2.283,7.972,6.951,2.986,10.526,11.12,6.886,6.506,7.209,4.553,6.484,3.845,6.414,7.144,8.772,19.001,18.258,19.001,6.259,8.149,18.258,5.897,37.474,8.149,42.792,19.001,8.149,21.605,8.149,8.149,8.149,19.979,21.605,19.979,38.461,37.474,37.474,8.149,8.149,37.474,19.979,21.061,16.003,18.258,21.605,37.474,8.149,19.979,19.979,19.001,21.605,19.001,37.474,8.149,19.979,7.343,8.149,8.149,8.149,8.149,8.149,8.149,37.474
O22,3.486,5.351,6.613,4.861,4.355,4.414,4.63,9.103,4.73,3.251,8.338,4.321,4.147,3.024,4.634,4.573,2.804,4.766,2.932,3.428,2.332,999.0,6.894,4.841,3.662,6.813,3.429,5.603,6.666,6.004,2.704,5.092,4.689,2.974,5.924,4.903,4.544,8.478,9.072,4.838,4.458,5.161,2.505,4.436,5.403,4.366,5.096,6.724,17.262,17.46,17.262,4.211,6.101,17.46,3.849,35.426,6.101,40.744,17.262,6.101,19.769,6.101,6.101,6.101,19.181,19.769,19.181,36.413,35.426,35.426,6.101,6.101,35.426,19.181,20.263,15.519,17.46,19.769,35.426,6.101,19.181,19.181,17.262,19.769,17.262,35.426,6.101,19.181,5.295,6.101,6.101,6.101,6.101,6.101,6.101,35.426
O23,3.438,3.778,2.041,10.348,7.918,5.208,3.035,4.531,2.178,5.38,3.767,6.161,3.724,4.26,7.116,3.151,9.368,3.044,4.807,5.951,8.896,6.848,999.0,2.71,3.306,4.819,3.564,1.88,2.989,2.74,5.202,9.611,7.719,9.539,2.246,3.515,8.081,3.1,5.791,3.758,3.266,2.486,5.003,3.695,7.586,5.16,2.984,2.153,11.97,14.845,11.97,4.229,1.529,14.845,3.596,32.107,1.529,37.425,11.97,1.529,16.507,1.529,1.529,1.529,17.228,16.507,17.228,31.465,32.107,32.107,1.529,1.529,32.107,17.228,15.79,14.296,14.845,16.507,32.107,1.529,17.228,17.228,11.97,16.507,11.97,32.107,1.529,17.228,1.612,1.529,1.529,1.529,1.529,1.529,1.529,32.107
O24,2.079,1.563,2.416,7.996,7.042,4.332,0.86,4.905,1.105,3.028,4.141,5.285,1.632,2.843,4.763,1.114,7.388,2.645,2.714,3.599,6.915,4.867,2.697,999.0,1.829,5.001,2.147,0.939,2.641,2.982,2.85,7.259,6.843,7.558,1.899,3.113,7.205,4.631,5.284,3.356,1.174,2.087,2.651,2.864,6.71,4.284,2.584,2.527,13.064,15.69,13.064,2.04,1.897,15.69,1.944,31.638,1.897,36.956,13.064,1.897,15.981,1.897,1.897,1.897,17.41,15.981,17.41,32.559,31.638,31.638,1.897,1.897,31.638,17.41,16.884,14.478,15.69,15.981,31.638,1.897,17.41,17.41,13.064,15.981,13.064,31.638,1.897,17.41,1.098,1.897,1.897,1.897,1.897,1.897,1.897,31.638
O25,0.25,2.731,3.011,7.421,5.213,2.503,0.969,5.501,1.129,2.663,4.737,3.455,1.135,1.014,4.399,0.912,6.122,1.704,1.739,3.024,5.65,3.602,3.293,1.829,999.0,3.75,0.317,2.018,3.736,2.941,2.275,6.684,5.013,6.293,2.994,1.863,5.376,4.877,6.452,2.105,0.928,2.01,2.076,1.613,4.881,2.455,2.033,3.123,13.66,14.439,13.66,1.647,2.499,14.439,0.414,32.806,2.499,38.124,13.66,2.499,17.149,2.499,2.499,2.499,16.16,17.149,16.16,33.155,32.806,32.806,2.499,2.499,32.806,16.16,17.241,13.227,14.439,17.149,32.806,2.499,16.16,16.16,13.66,17.149,13.66,32.806,2.499,16.16,1.694,2.499,2.499,2.499,2.499,2.499,2.499,32.806
O26,3.777,6.008,5.59,10.956,5.451,2.857,4.247,8.08,4.117,6.337,7.316,4.401,4.412,4.693,8.073,4.189,8.739,2.602,5.388,6.698,7.537,6.757,4.819,5.003,3.752,999.0,3.996,4.996,6.538,2.225,5.949,10.358,5.251,9.069,5.796,2.229,5.614,5.478,9.34,2.484,4.206,3.312,5.75,3.3,5.118,2.914,3.004,5.702,12.578,11.835,12.578,5.087,5.078,11.835,4.077,32.715,5.078,38.032,12.578,5.078,17.114,5.078,5.078,5.078,13.556,17.114,13.556,32.072,32.715,32.715,5.078,5.078,32.715,13.556,14.637,10.623,11.835,17.114,32.715,5.078,13.556,13.556,12.578,17.114,12.578,32.715,5.078,13.556,4.671,5.078,5.078,5.078,5.078,5.078,5.078,32.715
O27,0.264,3.048,3.269,7.268,5.136,2.426,1.286,5.759,1.386,2.511,4.994,3.379,1.397,0.85,4.246,1.229,5.948,1.948,1.586,2.871,5.476,3.428,3.55,2.147,0.317,3.994,999.0,2.276,3.994,3.185,2.122,6.531,4.937,6.118,3.251,2.107,5.299,5.134,6.769,2.349,1.246,2.254,1.923,1.857,4.804,2.378,2.277,3.38,13.918,14.683,13.918,1.535,2.757,14.683,0.42,33.124,2.757,38.441,13.918,2.757,17.466,2.757,2.757,2.757,16.404,17.466,16.404,33.412,33.124,33.124,2.757,2.757,33.124,16.404,17.485,13.471,14.683,17.466,33.124,2.757,16.404,16.404,13.918,17.466,13.918,33.124,2.757,16.404,1.951,2.757,2.757,2.757,2.757,2.757,2.757,33.124
O28,2.061,2.454,1.553,8.887,7.082,4.372,1.658,4.043,0.801,3.918,3.278,5.324,2.347,2.883,5.654,1.774,7.991,2.546,3.43,4.49,7.519,5.471,1.834,1.067,1.929,4.905,2.186,999.0,2.278,2.883,3.74,8.149,6.882,8.162,1.536,3.017,7.245,4.313,5.08,3.259,1.889,1.988,3.541,2.778,6.75,4.324,2.485,1.664,12.202,15.077,12.202,2.852,1.041,15.077,2.219,32.339,1.041,37.657,12.202,1.041,16.131,1.041,1.041,1.041,17.314,16.131,17.314,31.697,32.339,32.339,1.041,1.041,32.339,17.314,16.022,14.382,15.077,16.131,32.339,1.041,17.314,17.314,12.202,16.131,12.202,32.339,1.041,17.314,0.235,1.041,1.041,1.041,1.041,1.041,1.041,32.339
O29,3.856,2.805,1.964,9.497,8.877,6.167,2.782,3.584,2.596,4.528,3.544,7.12,3.403,4.678,6.264,3.035,8.888,4.23,4.269,5.1,8.416,6.368,2.99,2.515,3.725,6.539,3.982,2.299,999.0,4.46,4.35,8.759,8.678,9.059,0.742,4.701,9.04,4.724,3.067,4.944,3.054,3.672,4.151,4.574,8.545,6.119,4.169,1.831,12.613,15.488,12.613,3.581,1.766,15.488,3.866,31.556,1.766,36.874,12.613,1.766,15.899,1.766,1.766,1.766,18.858,15.899,18.858,32.107,31.556,31.556,1.766,1.766,31.556,18.858,16.433,16.016,15.488,15.899,31.556,1.766,18.858,18.858,12.613,15.899,12.613,31.556,1.766,18.858,2.031,1.766,1.766,1.766,1.766,1.766,1.766,31.556
O30,2.967,4.369,3.512,10.285,6.714,3.669,3.026,6.002,2.225,5.528,5.237,4.956,3.603,3.883,7.263,3.142,8.468,1.792,4.578,5.888,7.995,5.947,2.74,2.983,2.943,2.225,3.187,2.972,4.459,999.0,5.139,9.548,6.514,8.638,3.717,1.419,6.877,4.093,7.261,1.674,3.257,1.494,4.94,2.49,6.382,3.621,1.973,3.623,12.963,12.913,12.963,4.22,3.0,12.913,3.268,33.1,3.0,38.418,12.963,3.0,17.5,3.0,3.0,3.0,14.634,17.5,14.634,32.458,33.1,33.1,3.0,3.0,33.1,14.634,15.716,11.702,12.913,17.5,33.1,3.0,14.634,14.634,12.963,17.5,12.963,33.1,3.0,14.634,2.648,3.0,3.0,3.0,3.0,3.0,3.0,33.1
O31,2.386,3.342,4.743,5.459,5.598,4.293,2.796,7.233,3.295,1.029,6.468,4.84,2.138,1.467,2.965,2.801,5.195,3.9,0.923,1.062,4.722,2.674,5.352,2.831,2.275,5.947,2.122,3.594,4.657,5.137,999.0,4.721,5.208,5.365,3.915,4.059,6.166,7.043,7.063,4.302,2.449,4.186,0.199,3.81,5.991,4.245,4.229,4.854,15.392,16.635,15.392,2.202,4.259,16.635,2.096,33.417,4.259,38.735,15.392,4.259,17.76,4.259,4.259,4.259,18.356,17.76,18.356,34.404,33.417,33.417,4.259,4.259,33.417,18.356,19.212,15.398,16.635,17.76,33.417,4.259,18.356,18.356,15.392,17.76,15.392,33.417,4.259,18.356,3.753,4.259,4.259,4.259,4.259,4.259,4.259,33.417
O32,6.795,7.751,9.152,1.325,6.992,8.702,7.206,11.642,7.704,4.682,10.877,7.864,6.547,5.876,5.153,7.21,4.729,8.309,5.332,4.201,4.401,5.092,9.761,7.241,6.684,10.356,6.531,8.003,9.066,9.546,4.721,999.0,7.382,2.923,8.324,8.468,7.181,11.452,11.472,8.711,6.858,8.596,4.608,8.219,8.04,8.654,8.638,9.263,19.801,21.044,19.801,6.611,8.668,21.044,6.505,37.826,8.668,43.144,19.801,8.668,22.169,8.668,8.668,8.668,22.765,22.169,22.765,38.813,37.826,37.826,8.668,8.668,37.826,22.765,23.621,19.807,21.044,22.169,37.826,8.668,22.765,22.765,19.801,22.169,19.801,37.826,8.668,22.765,8.162,8.668,8.668,8.668,8.668,8.668,8.668,37.826
O33,4.864,7.77,7.991,7.152,0.39,4.079,6.008,10.48,6.108,5.785,9.716,1.832,6.174,5.558,7.588,5.951,4.389,5.264,5.466,5.987,3.187,4.66,7.724,6.869,5.039,5.338,5.001,6.998,8.715,6.501,5.238,7.382,999.0,5.265,7.973,5.313,1.184,9.211,11.491,5.058,5.967,5.659,5.039,4.934,1.897,4.136,5.594,8.102,16.642,15.9,16.642,6.451,7.479,15.9,5.385,36.78,7.479,42.097,16.642,7.479,21.179,7.479,7.479,7.479,17.62,21.179,17.62,36.137,36.78,36.78,7.479,7.479,36.78,17.62,18.702,13.959,15.9,21.179,36.78,7.479,17.62,17.62,16.642,21.179,16.642,36.78,7.479,17.62,6.673,7.479,7.479,7.479,7.479,7.479,7.479,36.78
O34,6.177,8.042,9.304,2.692,4.874,7.105,7.321,11.793,7.421,5.942,11.029,5.746,6.837,5.715,6.92,7.264,2.612,7.457,5.623,6.118,2.283,2.974,9.585,7.531,6.352,9.243,6.12,8.294,9.357,8.694,5.395,2.923,5.265,999.0,8.615,7.594,5.064,11.169,11.762,7.529,7.149,7.852,5.196,7.127,5.922,7.057,7.787,9.415,19.952,19.804,19.952,6.902,8.792,19.804,6.54,38.117,8.792,43.435,19.952,8.792,22.459,8.792,8.792,8.792,21.525,22.459,21.525,39.103,38.117,38.117,8.792,8.792,38.117,21.525,22.607,17.864,19.804,22.459,38.117,8.792,21.525,21.525,19.952,22.459,19.952,38.117,8.792,21.525,7.986,8.792,8.792,8.792,8.792,8.792,8.792,38.117
O35,3.114,2.184,1.489,8.754,8.135,5.425,2.04,3.979,1.854,3.786,3.214,6.377,2.661,3.936,5.522,2.293,8.146,3.488,3.526,4.357,7.674,5.626,2.248,1.773,2.982,5.797,3.24,1.556,0.742,3.718,3.608,8.017,7.935,8.316,999.0,3.959,8.298,4.249,3.544,4.201,2.312,2.93,3.409,3.831,7.803,5.377,3.427,1.601,12.138,15.013,12.138,2.838,1.024,15.013,3.123,32.034,1.024,37.351,12.138,1.024,16.067,1.024,1.024,1.024,18.206,16.067,18.206,31.633,32.034,32.034,1.024,1.024,32.034,18.206,15.958,15.274,15.013,16.067,32.034,1.024,18.206,18.206,12.138,16.067,12.138,32.034,1.024,18.206,1.288,1.024,1.024,1.024,1.024,1.024,1.024,32.034
O36,1.908,4.139,3.926,9.226,5.498,2.25,2.378,6.416,2.247,4.468,5.652,3.741,2.543,2.823,6.204,2.32,7.401,0.733,3.519,4.829,6.928,4.88,3.509,3.134,1.883,2.211,2.127,3.127,4.804,1.401,4.08,8.489,5.299,7.571,4.062,999.0,5.661,4.996,7.606,0.255,2.337,1.443,3.881,1.431,5.166,2.202,1.135,4.038,13.573,12.899,13.573,3.217,3.414,12.899,2.208,33.71,3.414,39.027,13.573,3.414,18.109,3.414,3.414,3.414,14.62,18.109,14.62,33.067,33.71,33.71,3.414,3.414,33.71,14.62,15.702,11.688,12.899,18.109,33.71,3.414,14.62,14.62,13.573,18.109,13.573,33.71,3.414,14.62,2.802,3.414,3.414,3.414,3.414,3.414,3.414,33.71
O37,5.226,8.133,8.353,6.951,0.812,4.442,6.371,10.843,6.47,6.743,10.079,2.204,6.537,6.102,8.546,6.314,4.188,5.627,6.424,6.945,2.986,4.554,8.087,7.231,5.402,5.701,5.363,7.36,9.078,6.864,6.196,7.181,1.184,5.064,8.336,5.676,999.0,9.574,11.854,5.421,6.33,6.021,5.997,5.297,1.381,4.498,5.956,8.465,17.005,16.262,17.005,6.814,7.841,16.262,5.748,37.142,7.841,42.46,17.005,7.841,21.542,7.841,7.841,7.841,17.983,21.542,17.983,36.5,37.142,37.142,7.841,7.841,37.142,17.983,19.065,13.538,16.262,21.542,37.142,7.841,17.983,17.983,17.005,21.542,17.005,37.142,7.841,17.983,7.036,7.841,7.841,7.841,7.841,7.841,7.841,37.142
O38,5.008,5.571,3.241,12.141,9.414,6.704,4.675,3.426,3.874,7.173,2.661,7.656,5.364,5.83,8.909,4.791,10.939,4.54,6.447,7.744,10.467,8.419,3.1,4.632,4.877,5.44,5.134,4.361,4.703,4.093,6.995,11.404,9.214,11.109,4.039,5.011,9.577,999.0,6.47,5.253,4.906,3.99,6.796,5.19,9.082,6.656,4.479,3.311,9.289,12.164,9.289,5.869,3.788,12.164,5.166,29.426,3.788,34.744,9.289,3.788,13.825,3.788,3.788,3.788,15.534,13.825,15.534,28.784,29.426,29.426,3.788,3.788,29.426,15.534,13.109,13.108,12.164,13.825,29.426,3.788,15.534,15.534,9.289,13.825,9.289,29.426,3.788,15.534,4.093,3.788,3.788,3.788,3.788,3.788,3.788,29.426
O39,6.658,4.388,4.283,11.624,11.664,8.954,5.483,3.366,5.398,7.229,4.164,9.907,6.104,7.411,7.798,5.736,11.589,7.032,6.969,7.8,11.116,9.068,5.792,5.284,6.452,9.341,6.769,5.1,3.067,7.262,7.051,11.46,11.465,11.759,3.544,7.503,11.827,6.47,999.0,7.745,5.754,6.474,6.852,7.375,11.332,8.906,6.971,4.151,14.359,17.234,14.359,6.281,4.568,17.234,6.566,30.173,4.568,35.491,14.359,4.568,14.516,4.568,4.568,4.568,20.604,14.516,20.604,31.16,30.173,30.173,4.568,4.568,30.173,20.604,17.712,18.178,17.234,14.516,30.173,4.568,20.604,20.604,14.359,14.516,14.359,30.173,4.568,20.604,4.833,4.568,4.568,4.568,4.568,4.568,4.568,30.173
O40,2.162,4.394,4.181,9.393,5.244,1.995,2.632,6.671,2.502,4.723,5.906,3.486,2.798,3.078,6.458,2.575,7.336,0.988,3.773,5.083,6.863,4.815,3.763,3.388,2.138,2.466,2.382,3.382,5.059,1.656,4.334,8.743,5.044,7.506,4.317,0.255,5.407,5.25,7.861,999.0,2.591,1.698,4.135,1.533,4.911,1.947,1.39,4.292,13.827,13.154,13.827,3.472,3.669,13.154,2.463,33.964,3.669,39.282,13.827,3.669,18.364,3.669,3.669,3.669,14.875,18.364,14.875,33.322,33.964,33.964,3.669,3.669,33.964,14.875,15.957,11.943,13.154,18.364,33.964,3.669,14.875,14.875,13.827,18.364,13.827,33.964,3.669,14.875,3.057,3.669,3.669,3.669,3.669,3.669,3.669,33.964
O41,1.178,2.025,2.971,7.61,6.141,3.431,0.368,5.461,1.088,2.644,4.696,4.384,0.459,1.942,4.38,0.484,7.002,2.157,1.541,3.213,6.53,4.482,3.252,1.174,0.928,4.204,1.246,1.978,3.34,3.257,2.464,6.873,5.941,7.172,2.598,2.316,6.304,4.906,5.746,2.559,999.0,2.344,2.265,2.067,5.809,3.383,2.486,3.082,13.62,14.892,13.62,0.963,2.459,14.892,1.043,32.1,2.459,37.418,13.62,2.459,16.443,2.459,2.459,2.459,16.613,16.443,16.613,33.087,32.1,32.1,2.459,2.459,32.1,16.613,17.44,13.681,14.892,16.443,32.1,2.459,16.613,16.613,13.62,16.443,13.62,32.1,2.459,16.613,1.653,2.459,2.459,2.459,2.459,2.459,2.459,32.1
O42,2.29,3.3,2.703,9.471,6.291,3.581,1.957,5.193,1.156,4.714,4.428,4.534,2.646,3.112,6.449,2.073,8.045,1.417,3.729,5.074,7.573,5.525,2.286,1.914,2.159,3.776,2.416,1.904,3.581,1.878,4.325,8.734,6.092,8.216,2.839,1.888,6.454,3.789,6.383,2.131,2.188,999.0,4.126,2.068,5.959,3.533,1.357,2.814,12.659,14.464,12.659,3.151,2.191,14.464,2.448,32.797,2.191,38.114,12.659,2.191,17.196,2.191,2.191,2.191,16.185,17.196,16.185,32.154,32.797,32.797,2.191,2.191,32.797,16.185,16.479,13.253,14.464,17.196,32.797,2.191,16.185,16.185,12.659,17.196,12.659,32.797,2.191,16.185,1.579,2.191,2.191,2.191,2.191,2.191,2.191,32.797
O43,2.187,3.143,4.544,5.345,5.399,4.094,2.598,7.034,3.096,0.83,6.269,4.641,1.939,1.268,2.847,2.602,4.996,3.701,0.724,0.948,4.523,2.475,5.153,2.633,2.076,5.748,1.923,3.395,4.458,4.938,0.199,4.608,5.009,5.166,3.716,3.86,5.967,6.844,6.864,4.103,2.25,3.988,999.0,3.611,5.792,4.046,4.03,4.655,15.193,16.436,15.193,2.003,4.06,16.436,1.897,33.218,4.06,38.536,15.193,4.06,17.561,4.06,4.06,4.06,18.157,17.561,18.157,34.205,33.218,33.218,4.06,4.06,33.218,18.157,19.013,15.199,16.436,17.561,33.218,4.06,18.157,18.157,15.193,17.561,15.193,33.218,4.06,18.157,3.554,4.06,4.06,4.06,4.06,4.06,4.06,33.218
O44,1.638,3.87,3.861,8.931,5.119,2.409,2.108,6.351,1.978,4.199,5.586,3.362,2.274,2.554,5.934,2.051,6.873,1.251,3.249,4.559,6.401,4.353,3.712,2.864,1.613,3.298,1.857,2.868,4.585,2.489,3.81,8.219,4.92,7.043,3.843,1.411,5.282,5.198,7.387,1.653,2.067,1.646,3.611,999.0,4.787,2.361,1.581,3.972,14.069,13.987,14.069,2.948,3.349,13.987,1.939,33.945,3.349,39.262,14.069,3.349,18.287,3.349,3.349,3.349,15.707,18.287,15.707,33.563,33.945,33.945,3.349,3.349,33.945,15.707,16.789,12.775,13.987,18.287,33.945,3.349,15.707,15.707,14.069,18.287,14.069,33.945,3.349,15.707,2.543,3.349,3.349,3.349,3.349,3.349,3.349,33.945
O45,4.717,7.623,7.844,7.809,1.671,3.932,5.861,10.334,5.961,6.568,9.569,1.694,6.027,5.593,8.372,5.804,5.046,5.117,6.249,6.77,3.845,5.334,7.577,6.722,4.892,5.118,4.854,6.851,8.568,6.354,6.021,8.04,1.897,5.922,7.826,5.166,1.381,9.064,11.344,4.911,5.82,5.512,5.822,4.787,999.0,3.989,5.447,7.955,16.422,15.602,16.422,6.304,7.332,15.602,5.238,36.559,7.332,41.877,16.422,7.332,20.959,7.332,7.332,7.332,17.275,20.959,17.275,35.917,36.559,36.559,7.332,7.332,36.559,17.275,18.405,12.382,15.602,20.959,36.559,7.332,17.275,17.275,16.422,20.959,16.422,36.559,7.332,17.275,6.526,7.332,7.332,7.332,7.332,7.332,7.332,36.559
O46,2.291,5.197,5.418,8.9,4.321,0.057,3.435,7.908,3.535,4.743,7.143,2.563,3.601,3.167,6.533,3.378,6.842,2.691,3.873,4.945,6.37,4.322,5.152,4.296,2.466,2.931,2.428,4.425,6.143,3.603,4.196,8.605,4.121,7.013,5.4,2.202,4.484,6.638,8.918,1.947,3.395,3.086,3.997,2.361,3.989,999.0,3.021,5.529,14.235,13.492,14.235,3.878,4.906,13.492,2.812,34.372,4.906,39.69,14.235,4.906,18.772,4.906,4.906,4.906,15.213,18.772,15.213,33.73,34.372,34.372,4.906,4.906,34.372,15.213,16.295,11.552,13.492,18.772,34.372,4.906,15.213,15.213,14.235,18.772,14.235,34.372,4.906,15.213,4.1,4.906,4.906,4.906,4.906,4.906,4.906,34.372
O47,2.072,3.855,3.257,9.39,5.819,3.099,2.512,5.747,1.71,4.633,4.983,4.061,2.708,2.988,6.368,2.485,7.573,0.619,3.683,4.993,7.1,5.052,2.84,2.468,2.048,3.023,2.292,2.458,4.135,1.82,4.244,8.653,5.619,7.743,3.393,1.135,5.982,4.327,6.937,1.378,2.501,0.774,4.045,1.595,5.487,3.051,999.0,3.369,13.197,13.711,13.197,3.382,2.745,13.711,2.373,33.334,2.745,38.652,13.197,2.745,17.733,2.745,2.745,2.745,15.432,17.733,15.432,32.691,33.334,33.334,2.745,2.745,33.334,15.432,16.514,12.5,13.711,17.733,33.334,2.745,15.432,15.432,13.197,17.733,13.197,33.334,2.745,15.432,2.133,2.745,2.745,2.745,2.745,2.745,2.745,33.334
O48,3.25,2.902,0.572,9.473,8.271,5.561,2.758,3.062,1.99,4.504,2.298,6.514,3.38,4.072,6.24,2.964,8.864,3.587,4.245,5.076,8.392,6.344,2.16,2.491,3.119,5.709,3.376,1.693,1.831,3.63,4.326,8.735,8.072,9.035,1.371,4.058,8.435,3.332,4.151,4.301,3.03,3.029,4.127,3.968,7.939,5.513,3.527,999.0,11.221,14.096,11.221,3.557,1.119,14.096,3.408,31.358,1.119,36.676,11.221,1.119,15.15,1.119,1.119,1.119,17.466,15.15,17.466,30.716,31.358,31.358,1.119,1.119,31.358,17.466,15.041,15.04,14.096,15.15,31.358,1.119,17.466,17.466,11.221,15.15,11.221,31.358,1.119,17.466,1.425,1.119,1.119,1.119,1.119,1.119,1.119,31.358
D1,13.737,13.389,11.059,19.96,16.779,14.186,13.245,11.245,12.477,14.992,10.48,15.73,13.867,14.559,16.727,13.451,19.352,13.432,14.732,15.563,18.866,16.831,11.993,12.979,13.606,12.577,13.863,12.18,12.521,12.986,14.814,19.223,16.58,19.522,11.858,13.591,16.942,9.312,14.288,13.845,13.517,12.883,14.615,14.083,16.447,14.242,13.372,11.13,999.0,4.308,0.0,14.044,11.607,4.308,13.896,23.582,11.607,28.899,0.0,11.607,13.566,11.607,11.607,11.607,11.463,13.566,11.463,24.663,23.582,23.582,11.607,11.607,23.582,11.463,4.141,12.49,4.308,13.566,23.582,11.607,11.463,11.463,0.0,13.566,0.0,23.582,11.607,11.463,11.912,11.607,11.607,11.607,11.607,11.607,11.607,23.582
D2,14.433,16.4,14.07,21.501,15.996,13.402,14.902,14.255,14.772,16.993,13.49,14.946,15.068,15.348,18.729,14.845,19.284,13.258,16.044,17.354,18.083,17.382,15.003,15.659,14.408,11.794,14.652,15.19,15.532,12.881,16.604,21.013,15.796,19.614,14.869,12.885,16.159,12.322,17.299,13.139,14.861,13.968,16.405,13.956,15.57,13.459,13.66,14.14,4.302,999.0,4.302,15.742,14.617,0.0,14.733,26.761,14.617,32.273,4.302,14.617,16.037,14.617,14.617,14.617,7.817,16.037,7.817,28.036,26.761,26.761,14.617,14.617,26.761,7.817,3.11,10.848,0.0,16.037,26.761,14.617,7.817,7.817,4.302,16.037,4.302,26.761,14.617,7.817,14.923,14.617,14.617,14.617,14.617,14.617,14.617,26.761
D3,13.737,13.389,11.059,19.96,16.779,14.186,13.245,11.245,12.477,14.992,10.48,15.73,13.867,14.559,16.727,13.451,19.352,13.432,14.732,15.563,18.866,16.831,11.993,12.979,13.606,12.577,13.863,12.18,12.521,12.986,14.814,19.223,16.58,19.522,11.858,13.591,16.942,9.312,14.288,13.845,13.517,12.883,14.615,14.083,16.447,14.242,13.372,11.13,0.0,4.308,999.0,14.044,11.607,4.308,13.896,23.582,11.607,28.899,0.0,11.607,13.566,11.607,11.607,11.607,11.463,13.566,11.463,24.663,23.582,23.582,11.607,11.607,23.582,11.463,4.141,12.49,4.308,13.566,23.582,11.607,11.463,11.463,0.0,13.566,0.0,23.582,11.607,11.463,11.912,11.607,11.607,11.607,11.607,11.607,11.607,23.582
D4,1.817,2.852,4.128,6.934,6.577,3.867,1.525,6.618,2.245,2.077,5.853,4.82,0.83,1.424,3.812,1.494,6.326,3.062,0.864,2.537,5.853,3.805,4.409,2.33,1.665,5.109,1.553,3.104,4.167,4.299,1.788,6.197,6.339,6.496,3.425,3.221,6.741,6.063,6.572,3.464,1.157,3.249,1.589,2.972,6.245,3.819,3.391,4.239,14.777,15.797,14.777,999.0,3.616,15.797,1.354,32.927,3.616,38.244,14.777,3.616,17.269,3.616,3.616,3.616,17.518,17.269,17.518,33.913,32.927,32.927,3.616,3.616,32.927,17.518,18.597,14.586,15.797,17.269,32.927,3.616,17.518,17.518,14.777,17.269,14.777,32.927,3.616,17.518,2.81,3.616,3.616,3.616,3.616,3.616,3.616,32.927
D5,2.617,2.555,1.029,9.126,7.638,4.928,2.214,3.519,1.357,4.158,2.754,5.88,2.903,3.439,5.893,2.33,8.518,2.954,3.898,4.729,8.045,5.997,1.526,1.879,2.485,5.075,2.742,1.059,1.766,2.997,3.98,8.389,7.438,8.688,1.024,3.425,7.801,3.788,4.568,3.667,2.445,2.396,3.781,3.334,7.306,4.88,2.893,1.14,11.678,14.553,11.678,3.21,999.0,14.553,2.775,31.815,0.0,37.133,11.678,0.0,15.607,0.0,0.0,0.0,17.484,15.607,17.484,31.172,31.815,31.815,0.0,0.0,31.815,17.484,15.498,14.552,14.553,15.607,31.815,0.0,17.484,17.484,11.678,15.607,11.678,31.815,0.0,17.484,0.791,0.0,0.0,0.0,0.0,0.0,0.0,31.815
D6,14.433,16.4,14.07,21.501,15.996,13.402,14.902,14.255,14.772,16.993,13.49,14.946,15.068,15.348,18.729,14.845,19.284,13.258,16.044,17.354,18.083,17.382,15.003,15.659,14.408,11.794,14.652,15.19,15.532,12.881,16.604,21.013,15.796,19.614,14.869,12.885,16.159,12.322,17.299,13.139,14.861,13.968,16.405,13.956,15.57,13.459,13.66,14.14,4.302,0.0,4.302,15.742,14.617,999.0,14.733,26.761,14.617,32.273,4.302,14.617,16.037,14.617,14.617,14.617,7.817,16.037,7.817,28.036,26.761,26.761,14.617,14.617,26.761,7.817,3.11,10.848,0.0,16.037,26.761,14.617,7.817,7.817,4.302,16.037,4.302,26.761,14.617,7.817,14.923,14.617,14.617,14.617,14.617,14.617,14.617,26.761
D7,0.635,2.845,3.301,7.242,5.521,2.81,1.083,5.791,1.418,2.485,5.026,3.763,1.046,1.025,4.22,1.026,6.368,2.029,1.481,2.845,5.896,3.848,3.582,1.944,0.414,4.076,0.42,2.308,4.026,3.266,2.096,6.505,5.321,6.538,3.284,2.188,5.684,5.166,6.566,2.43,1.043,2.31,1.897,1.939,5.188,2.762,2.358,3.413,13.95,14.764,13.95,1.336,2.789,14.764,999.0,32.921,2.789,38.238,13.95,2.789,17.263,2.789,2.789,2.789,16.485,17.263,16.485,33.445,32.921,32.921,2.789,2.789,32.921,16.485,17.567,13.553,14.764,17.263,32.921,2.789,16.485,16.485,13.95,17.263,13.95,32.921,2.789,16.485,1.983,2.789,2.789,2.789,2.789,2.789,2.789,32.921
D8,33.26,30.948,31.226,38.183,36.946,34.353,32.042,31.411,32.644,33.788,30.647,35.897,32.663,33.971,34.358,32.295,37.035,33.599,33.528,34.359,37.676,35.628,32.16,31.843,33.011,32.744,33.328,32.347,31.761,33.153,33.61,38.019,36.747,38.318,32.025,33.758,37.109,29.479,30.378,34.012,32.313,33.05,33.411,34.15,36.614,34.409,33.539,31.297,23.289,26.6,23.289,32.84,31.773,26.6,33.125,999.0,31.773,20.25,23.289,31.773,22.562,31.773,31.773,31.773,30.694,22.562,30.694,3.078,0.0,0.0,31.773,31.773,0.0,30.694,23.61,33.41,26.6,22.562,0.0,31.773,30.694,30.694,23.289,22.562,23.289,0.0,31.773,30.694,32.079,31.773,31.773,31.773,31.773,31.773,31.773,0.0
D9,2.617,2.555,1.029,9.126,7.638,4.928,2.214,3.519,1.357,4.158,2.754,5.88,2.903,3.439,5.893,2.33,8.518,2.954,3.898,4.729,8.045,5.997,1.526,1.879,2.485,5.075,2.742,1.059,1.766,2.997,3.98,8.389,7.438,8.688,1.024,3.425,7.801,3.788,4.568,3.667,2.445,2.396,3.781,3.334,7.306,4.88,2.893,1.14,11.678,14.553,11.678,3.21,0.0,14.553,2.775,31.815,999.0,37.133,11.678,0.0,15.607,0.0,0.0,0.0,17.484,15.607,17.484,31.172,31.815,31.815,0.0,0.0,31.815,17.484,15.498,14.552,14.553,15.607,31.815,0.0,17.484,17.484,11.678,15.607,11.678,31.815,0.0,17.484,0.791,0.0,0.0,0.0,0.0,0.0,0.0,31.815
D10,38.379,36.067,36.346,43.303,42.066,39.472,37.161,36.531,37.764,38.907,35.766,41.016,37.782,39.09,39.477,37.414,42.155,38.719,38.648,39.479,42.795,40.747,37.279,36.962,38.13,37.863,38.447,37.466,36.88,38.272,38.729,43.138,41.866,43.438,37.144,38.877,42.229,34.598,35.497,39.131,37.433,38.169,38.53,39.269,41.733,39.529,38.658,36.416,28.408,31.798,28.408,37.96,36.893,31.798,38.244,20.485,36.893,999.0,28.408,36.893,34.492,36.893,36.893,36.893,36.335,34.492,36.335,17.698,20.485,20.485,36.893,36.893,20.485,36.335,29.002,38.529,31.798,34.492,20.485,36.893,36.335,36.335,28.408,34.492,28.408,20.485,36.893,36.335,37.198,36.893,36.893,36.893,36.893,36.893,36.893,20.485
D11,13.737,13.389,11.059,19.96,16.779,14.186,13.245,11.245,12.477,14.992,10.48,15.73,13.867,14.559,16.727,13.451,19.352,13.432,14.732,15.563,18.866,16.831,11.993,12.979,13.606,12.577,13.863,12.18,12.521,12.986,14.814,19.223,16.58,19.522,11.858,13.591,16.942,9.312,14.288,13.845,13.517,12.883,14.615,14.083,16.447,14.242,13.372,11.13,0.0,4.308,0.0,14.044,11.607,4.308,13.896,23.582,11.607,28.899,999.0,11.607,13.566,11.607,11.607,11.607,11.463,13.566,11.463,24.663,23.582,23.582,11.607,11.607,23.582,11.463,4.141,12.49,4.308,13.566,23.582,11.607,11.463,11.463,0.0,13.566,0.0,23.582,11.607,11.463,11.912,11.607,11.607,11.607,11.607,11.607,11.607,23.582
D12,2.617,2.555,1.029,9.126,7.638,4.928,2.214,3.519,1.357,4.158,2.754,5.88,2.903,3.439,5.893,2.33,8.518,2.954,3.898,4.729,8.045,5.997,1.526,1.879,2.485,5.075,2.742,1.059,1.766,2.997,3.98,8.389,7.438,8.688,1.024,3.425,7.801,3.788,4.568,3.667,2.445,2.396,3.781,3.334,7.306,4.88,2.893,1.14,11.678,14.553,11.678,3.21,0.0,14.553,2.775,31.815,0.0,37.133,11.678,999.0,15.607,0.0,0.0,0.0,17.484,15.607,17.484,31.172,31.815,31.815,0.0,0.0,31.815,17.484,15.498,14.552,14.553,15.607,31.815,0.0,17.484,17.484,11.678,15.607,11.678,31.815,0.0,17.484,0.791,0.0,0.0,0.0,0.0,0.0,0.0,31.815
D13,17.511,15.278,14.833,22.514,20.553,17.959,16.372,14.974,16.251,18.119,14.253,19.503,16.994,18.301,18.688,16.626,20.937,17.206,17.859,18.69,22.006,19.958,15.766,16.174,17.341,16.35,17.637,15.953,16.092,16.759,17.941,22.35,20.353,22.649,15.632,17.364,20.716,13.085,14.709,17.618,16.644,16.656,17.742,17.857,20.22,18.016,17.145,14.903,13.79,16.072,13.79,17.171,15.38,16.072,17.456,22.746,15.38,35.413,13.79,15.38,999.0,15.38,15.38,15.38,19.443,0.0,19.443,21.705,22.746,22.746,15.38,15.38,22.746,19.443,17.609,17.016,16.072,0.0,22.746,15.38,19.443,19.443,13.79,0.0,13.79,22.746,15.38,19.443,15.686,15.38,15.38,15.38,15.38,15.38,15.38,22.746
D14,2.617,2.555,1.029,9.126,7.638,4.928,2.214,3.519,1.357,4.158,2.754,5.88,2.903,3.439,5.893,2.33,8.518,2.954,3.898,4.729,8.045,5.997,1.526,1.879,2.485,5.075,2.742,1.059,1.766,2.997,3.98,8.389,7.438,8.688,1.024,3.425,7.801,3.788,4.568,3.667,2.445,2.396,3.781,3.334,7.306,4.88,2.893,1.14,11.678,14.553,11.678,3.21,0.0,14.553,2.775,31.815,0.0,37.133,11.678,0.0,15.607,999.0,0.0,0.0,17.484,15.607,17.484,31.172,31.815,31.815,0.0,0.0,31.815,17.484,15.498,14.552,14.553,15.607,31.815,0.0,17.484,17.484,11.678,15.607,11.678,31.815,0.0,17.484,0.791,0.0,0.0,0.0,0.0,0.0,0.0,31.815
D15,2.617,2.555,1.029,9.126,7.638,4.928,2.214,3.519,1.357,4.158,2.754,5.88,2.903,3.439,5.893,2.33,8.518,2.954,3.898,4.729,8.045,5.997,1.526,1.879,2.485,5.075,2.742,1.059,1.766,2.997,3.98,8.389,7.438,8.688,1.024,3.425,7.801,3.788,4.568,3.667,2.445,2.396,3.781,3.334,7.306,4.88,2.893,1.14,11.678,14.553,11.678,3.21,0.0,14.553,2.775,31.815,0.0,37.133,11.678,0.0,15.607,0.0,999.0,0.0,17.484,15.607,17.484,31.172,31.815,31.815,0.0,0.0,31.815,17.484,15.498,14.552,14.553,15.607,31.815,0.0,17.484,17.484,11.678,15.607,11.678,31.815,0.0,17.484,0.791,0.0,0.0,0.0,0.0,0.0,0.0,31.815
D16,2.617,2.555,1.029,9.126,7.638,4.928,2.214,3.519,1.357,4.158,2.754,5.88,2.903,3.439,5.893,2.33,8.518,2.954,3.898,4.729,8.045,5.997,1.526,1.879,2.485,5.075,2.742,1.059,1.766,2.997,3.98,8.389,7.438,8.688,1.024,3.425,7.801,3.788,4.568,3.667,2.445,2.396,3.781,3.334,7.306,4.88,2.893,1.14,11.678,14.553,11.678,3.21,0.0,14.553,2.775,31.815,0.0,37.133,11.678,0.0,15.607,0.0,0.0,999.0,17.484,15.607,17.484,31.172,31.815,31.815,0.0,0.0,31.815,17.484,15.498,14.552,14.553,15.607,31.815,0.0,17.484,17.484,11.678,15.607,11.678,31.815,0.0,17.484,0.791,0.0,0.0,0.0,0.0,0.0,0.0,31.815
D17,16.18,18.412,17.573,23.249,17.744,15.15,16.65,17.759,16.52,18.741,16.994,16.694,16.816,17.096,20.477,16.593,21.032,15.006,17.792,19.102,19.831,19.13,17.222,17.407,16.156,13.542,16.4,17.4,18.941,14.629,18.352,22.761,17.544,21.362,18.199,14.633,17.907,15.826,20.802,14.887,16.609,15.716,18.153,15.704,17.27,15.207,15.408,17.644,11.468,7.706,11.468,17.49,17.482,7.706,16.481,30.982,17.482,36.838,11.468,17.482,19.54,17.482,17.482,17.482,999.0,19.54,0.0,32.063,30.982,30.982,17.482,17.482,30.982,0.0,9.402,7.309,7.706,19.54,30.982,17.482,0.0,0.0,11.468,19.54,11.468,30.982,17.482,0.0,17.075,17.482,17.482,17.482,17.482,17.482,17.482,30.982
D18,17.511,15.278,14.833,22.514,20.553,17.959,16.372,14.974,16.251,18.119,14.253,19.503,16.994,18.301,18.688,16.626,20.937,17.206,17.859,18.69,22.006,19.958,15.766,16.174,17.341,16.35,17.637,15.953,16.092,16.759,17.941,22.35,20.353,22.649,15.632,17.364,20.716,13.085,14.709,17.618,16.644,16.656,17.742,17.857,20.22,18.016,17.145,14.903,13.79,16.072,13.79,17.171,15.38,16.072,17.456,22.746,15.38,35.413,13.79,15.38,0.0,15.38,15.38,15.38,19.443,999.0,19.443,21.705,22.746,22.746,15.38,15.38,22.746,19.443,17.609,17.016,16.072,0.0,22.746,15.38,19.443,19.443,13.79,0.0,13.79,22.746,15.38,19.443,15.686,15.38,15.38,15.38,15.38,15.38,15.38,22.746
D19,16.18,18.412,17.573,23.249,17.744,15.15,16.65,17.759,16.52,18.741,16.994,16.694,16.816,17.096,20.477,16.593,21.032,15.006,17.792,19.102,19.831,19.13,17.222,17.407,16.156,13.542,16.4,17.4,18.941,14.629,18.352,22.761,17.544,21.362,18.199,14.633,17.907,15.826,20.802,14.887,16.609,15.716,18.153,15.704,17.27,15.207,15.408,17.644,11.468,7.706,11.468,17.49,17.482,7.706,16.481,30.982,17.482,36.838,11.468,17.482,19.54,17.482,17.482,17.482,0.0,19.54,999.0,32.063,30.982,30.982,17.482,17.482,30.982,0.0,9.402,7.309,7.706,19.54,30.982,17.482,0.0,0.0,11.468,19.54,11.468,30.982,17.482,0.0,17.075,17.482,17.482,17.482,17.482,17.482,17.482,30.982
D20,33.147,31.785,30.469,39.021,36.189,33.595,32.655,30.654,31.887,34.401,29.889,35.139,33.276,33.969,35.195,32.86,37.873,32.842,34.141,34.972,38.276,36.241,31.402,32.388,33.015,31.986,33.273,31.589,31.931,32.395,34.223,38.632,35.989,38.931,31.268,33.0,36.352,28.721,31.215,33.255,32.926,32.292,34.024,33.493,35.856,33.652,32.781,30.539,24.645,28.034,24.645,33.453,31.016,28.034,33.305,3.314,31.016,17.698,24.645,31.016,21.971,31.016,31.016,31.016,32.049,21.971,32.049,999.0,3.314,3.314,31.016,31.016,3.314,32.049,25.239,32.652,28.034,21.971,3.314,31.016,32.049,32.049,24.645,21.971,24.645,3.314,31.016,32.049,31.322,31.016,31.016,31.016,31.016,31.016,31.016,3.314
D21,33.26,30.948,31.226,38.183,36.946,34.353,32.042,31.411,32.644,33.788,30.647,35.897,32.663,33.971,34.358,32.295,37.035,33.599,33.528,34.359,37.676,35.628,32.16,31.843,33.011,32.744,33.328,32.347,31.761,33.153,33.61,38.019,36.747,38.318,32.025,33.758,37.109,29.479,30.378,34.012,32.313,33.05,33.411,34.15,36.614,34.409,33.539,31.297,23.289,26.6,23.289,32.84,31.773,26.6,33.125,0.0,31.773,20.25,23.289,31.773,22.562,31.773,31.773,31.773,30.694,22.562,30.694,3.078,999.0,0.0,31.773,31.773,0.0,30.694,23.61,33.41,26.6,22.562,0.0,31.773,30.694,30.694,23.289,22.562,23.289,0.0,31.773,30.694,32.079,31.773,31.773,31.773,31.773,31.773,31.773,0.0
D22,33.26,30.948,31.226,38.183,36.946,34.353,32.042,31.411,32.644,33.788,30.647,35.897,32.663,33.971,34.358,32.295,37.035,33.599,33.528,34.359,37.676,35.628,32.16,31.843,33.011,32.744,33.328,32.347,31.761,33.153,33.61,38.019,36.747,38.318,32.025,33.758,37.109,29.479,30.378,34.012,32.313,33.05,33.411,34.15,36.614,34.409,33.539,31.297,23.289,26.6,23.289,32.84,31.773,26.6,33.125,0.0,31.773,20.25,23.289,31.773,22.562,31.773,31.773,31.773,30.694,22.562,30.694,3.078,0.0,999.0,31.773,31.773,0.0,30.694,23.61,33.41,26.6,22.562,0.0,31.773,30.694,30.694,23.289,22.562,23.289,0.0,31.773,30.694,32.079,31.773,31.773,31.773,31.773,31.773,31.773,0.0
D23,2.617,2.555,1.029,9.126,7.638,4.928,2.214,3.519,1.357,4.158,2.754,5.88,2.903,3.439,5.893,2.33,8.518,2.954,3.898,4.729,8.045,5.997,1.526,1.879,2.485,5.075,2.742,1.059,1.766,2.997,3.98,8.389,7.438,8.688,1.024,3.425,7.801,3.788,4.568,3.667,2.445,2.396,3.781,3.334,7.306,4.88,2.893,1.14,11.678,14.553,11.678,3.21,0.0,14.553,2.775,31.815,0.0,37.133,11.678,0.0,15.607,0.0,0.0,0.0,17.484,15.607,17.484,31.172,31.815,31.815,999.0,0.0,31.815,17.484,15.498,14.552,14.553,15.607,31.815,0.0,17.484,17.484,11.678,15.607,11.678,31.815,0.0,17.484,0.791,0.0,0.0,0.0,0.0,0.0,0.0,31.815
D24,2.617,2.555,1.029,9.126,7.638,4.928,2.214,3.519,1.357,4.158,2.754,5.88,2.903,3.439,5.893,2.33,8.518,2.954,3.898,4.729,8.045,5.997,1.526,1.879,2.485,5.075,2.742,1.059,1.766,2.997,3.98,8.389,7.438,8.688,1.024,3.425,7.801,3.788,4.568,3.667,2.445,2.396,3.781,3.334,7.306,4.88,2.893,1.14,11.678,14.553,11.678,3.21,0.0,14.553,2.775,31.815,0.0,37.133,11.678,0.0,15.607,0.0,0.0,0.0,17.484,15.607,17.484,31.172,31.815,31.815,0.0,999.0,31.815,17.484,15.498,14.552,14.553,15.607,31.815,0.0,17.484,17.484,11.678,15.607,11.678,31.815,0.0,17.484,0.791,0.0,0.0,0.0,0.0,0.0,0.0,31.815
D25,33.26,30.948,31.226,38.183,36.946,34.353,32.042,31.411,32.644,33.788,30.647,35.897,32.663,33.971,34.358,32.295,37.035,33.599,33.528,34.359,37.676,35.628,32.16,31.843,33.011,32.744,33.328,32.347,31.761,33.153,33.61,38.019,36.747,38.318,32.025,33.758,37.109,29.479,30.378,34.012,32.313,33.05,33.411,34.15,36.614,34.409,33.539,31.297,23.289,26.6,23.289,32.84,31.773,26.6,33.125,0.0,31.773,20.25,23.289,31.773,22.562,31.773,31.773,31.773,30.694,22.562,30.694,3.078,0.0,0.0,31.773,31.773,999.0,30.694,23.61,33.41,26.6,22.562,0.0,31.773,30.694,30.694,23.289,22.562,23.289,0.0,31.773,30.694,32.079,31.773,31.773,31.773,31.773,31.773,31.773,0.0
D26,16.18,18.412,17.573,23.249,17.744,15.15,16.65,17.759,16.52,18.741,16.994,16.694,16.816,17.096,20.477,16.593,21.032,15.006,17.792,19.102,19.831,19.13,17.222,17.407,16.156,13.542,16.4,17.4,18.941,14.629,18.352,22.761,17.544,21.362,18.199,14.633,17.907,15.826,20.802,14.887,16.609,15.716,18.153,15.704,17.27,15.207,15.408,17.644,11.468,7.706,11.468,17.49,17.482,7.706,16.481,30.982,17.482,36.838,11.468,17.482,19.54,17.482,17.482,17.482,0.0,19.54,0.0,32.063,30.982,30.982,17.482,17.482,30.982,999.0,9.402,7.309,7.706,19.54,30.982,17.482,0.0,0.0,11.468,19.54,11.468,30.982,17.482,0.0,17.075,17.482,17.482,17.482,17.482,17.482,17.482,30.982
D27,17.243,17.268,14.938,23.839,18.807,16.213,17.124,15.124,16.356,18.871,14.359,17.757,17.746,18.159,20.606,17.33,22.095,16.069,18.611,19.442,20.894,20.193,15.872,16.858,17.219,14.605,17.463,16.059,16.4,15.692,18.693,23.102,18.607,22.425,15.737,15.696,18.97,13.191,18.167,15.95,17.396,16.762,18.494,16.767,18.381,16.27,16.471,15.009,4.108,3.028,4.108,17.923,15.486,3.028,17.544,23.717,15.486,29.32,4.108,15.486,17.182,15.486,15.486,15.486,9.409,17.182,9.409,25.084,23.717,23.717,15.486,15.486,23.717,9.409,999.0,13.659,3.028,17.182,23.717,15.486,9.409,9.409,4.108,17.182,4.108,23.717,15.486,9.409,15.791,15.486,15.486,15.486,15.486,15.486,15.486,23.717
D28,13.254,15.485,15.067,19.594,13.828,11.495,13.724,16.253,13.594,15.814,15.489,13.039,13.889,14.17,17.55,13.666,17.204,12.079,14.865,16.098,16.003,15.475,14.296,14.48,13.229,10.615,13.473,14.473,16.015,11.702,15.349,19.758,13.889,17.707,15.273,11.706,13.538,13.833,18.817,11.961,13.683,12.789,15.15,12.777,12.382,11.552,12.481,15.179,13.234,11.617,13.234,14.564,14.555,11.617,13.554,33.636,14.555,38.954,13.234,14.555,18.035,14.555,14.555,14.555,7.309,18.035,7.309,32.993,33.636,33.636,14.555,14.555,33.636,7.309,14.42,999.0,11.617,18.035,33.636,14.555,7.309,7.309,13.234,18.035,13.234,33.636,14.555,7.309,14.148,14.555,14.555,14.555,14.555,14.555,14.555,33.636
D29,14.433,16.4,14.07,21.501,15.996,13.402,14.902,14.255,14.772,16.993,13.49,14.946,15.068,15.348,18.729,14.845,19.284,13.258,16.044,17.354,18.083,17.382,15.003,15.659,14.408,11.794,14.652,15.19,15.532,12.881,16.604,21.013,15.796,19.614,14.869,12.885,16.159,12.322,17.299,13.139,14.861,13.968,16.405,13.956,15.57,13.459,13.66,14.14,4.302,0.0,4.302,15.742,14.617,0.0,14.733,26.761,14.617,32.273,4.302,14.617,16.037,14.617,14.617,14.617,7.817,16.037,7.817,28.036,26.761,26.761,14.617,14.617,26.761,7.817,3.11,10.848,999.0,16.037,26.761,14.617,7.817,7.817,4.302,16.037,4.302,26.761,14.617,7.817,14.923,14.617,14.617,14.617,14.617,14.617,14.617,26.761
D30,17.511,15.278,14.833,22.514,20.553,17.959,16.372,14.974,16.251,18.119,14.253,19.503,16.994,18.301,18.688,16.626,20.937,17.206,17.859,18.69,22.006,19.958,15.766,16.174,17.341,16.35,17.637,15.953,16.092,16.759,17.941,22.35,20.353,22.649,15.632,17.364,20.716,13.085,14.709,17.618,16.644,16.656,17.742,17.857,20.22,18.016,17.145,14.903,13.79,16.072,13.79,17.171,15.38,16.072,17.456,22.746,15.38,35.413,13.79,15.38,0.0,15.38,15.38,15.38,19.443,0.0,19.443,21.705,22.746,22.746,15.38,15.38,22.746,19.443,17.609,17.016,16.072,999.0,22.746,15.38,19.443,19.443,13.79,0.0,13.79,22.746,15.38,19.443,15.686,15.38,15.38,15.38,15.38,15.38,15.38,22.746
D31,33.26,30.948,31.226,38.183,36.946,34.353,32.042,31.411,32.644,33.788,30.647,35.897,32.663,33.971,34.358,32.295,37.035,33.599,33.528,34.359,37.676,35.628,32.16,31.843,33.011,32.744,33.328,32.347,31.761,33.153,33.61,38.019,36.747,38.318,32.025,33.758,37.109,29.479,30.378,34.012,32.313,33.05,33.411,34.15,36.614,34.409,33.539,31.297,23.289,26.6,23.289,32.84,31.773,26.6,33.125,0.0,31.773,20.25,23.289,31.773,22.562,31.773,31.773,31.773,30.694,22.562,30.694,3.078,0.0,0.0,31.773,31.773,0.0,30.694,23.61,33.41,26.6,22.562,999.0,31.773,30.694,30.694,23.289,22.562,23.289,0.0,31.773,30.694,32.079,31.773,31.773,31.773,31.773,31.773,31.773,0.0
D32,2.617,2.555,1.029,9.126,7.638,4.928,2.214,3.519,1.357,4.158,2.754,5.88,2.903,3.439,5.893,2.33,8.518,2.954,3.898,4.729,8.045,5.997,1.526,1.879,2.485,5.075,2.742,1.059,1.766,2.997,3.98,8.389,7.438,8.688,1.024,3.425,7.801,3.788,4.568,3.667,2.445,2.396,3.781,3.334,7.306,4.88,2.893,1.14,11.678,14.553,11.678,3.21,0.0,14.553,2.775,31.815,0.0,37.133,11.678,0.0,15.607,0.0,0.0,0.0,17.484,15.607,17.484,31.172,31.815,31.815,0.0,0.0,31.815,17.484,15.498,14.552,14.553,15.607,31.815,999.0,17.484,17.484,11.678,15.607,11.678,31.815,0.0,17.484,0.791,0.0,0.0,0.0,0.0,0.0,0.0,31.815
D33,16.18,18.412,17.573,23.249,17.744,15.15,16.65,17.759,16.52,18.741,16.994,16.694,16.816,17.096,20.477,16.593,21.032,15.006,17.792,19.102,19.831,19.13,17.222,17.407,16.156,13.542,16.4,17.4,18.941,14.629,18.352,22.761,17.544,21.362,18.199,14.633,17.907,15.826,20.802,14.887,16.609,15.716,18.153,15.704,17.27,15.207,15.408,17.644,11.468,7.706,11.468,17.49,17.482,7.706,16.481,30.982,17.482,36.838,11.468,17.482,19.54,17.482,17.482,17.482,0.0,19.54,0.0,32.063,30.982,30.982,17.482,17.482,30.982,0.0,9.402,7.309,7.706,19.54,30.982,17.482,999.0,0.0,11.468,19.54,11.468,30.982,17.482,0.0,17.075,17.482,17.482,17.482,17.482,17.482,17.482,30.982
D34,16.18,18.412,17.573,23.249,17.744,15.15,16.65,17.759,16.52,18.741,16.994,16.694,16.816,17.096,20.477,16.593,21.032,15.006,17.792,19.102,19.831,19.13,17.222,17.407,16.156,13.542,16.4,17.4,18.941,14.629,18.352,22.761,17.544,21.362,18.199,14.633,17.907,15.826,20.802,14.887,16.609,15.716,18.153,15.704,17.27,15.207,15.408,17.644,11.468,7.706,11.468,17.49,17.482,7.706,16.481,30.982,17.482,36.838,11.468,17.482,19.54,17.482,17.482,17.482,0.0,19.54,0.0,32.063,30.982,30.982,17.482,17.482,30.982,0.0,9.402,7.309,7.706,19.54,30.982,17.482,0.0,999.0,11.468,19.54,11.468,30.982,17.482,0.0,17.075,17.482,17.482,17.482,17.482,17.482,17.482,30.982
D35,13.737,13.389,11.059,19.96,16.779,14.186,13.245,11.245,12.477,14.992,10.48,15.73,13.867,14.559,16.727,13.451,19.352,13.432,14.732,15.563,18.866,16.831,11.993,12.979,13.606,12.577,13.863,12.18,12.521,12.986,14.814,19.223,16.58,19.522,11.858,13.591,16.942,9.312,14.288,13.845,13.517,12.883,14.615,14.083,16.447,14.242,13.372,11.13,0.0,4.308,0.0,14.044,11.607,4.308,13.896,23.582,11.607,28.899,0.0,11.607,13.566,11.607,11.607,11.607,11.463,13.566,11.463,24.663,23.582,23.582,11.607,11.607,23.582,11.463,4.141,12.49,4.308,13.566,23.582,11.607,11.463,11.463,999.0,13.566,0.0,23.582,11.607,11.463,11.912,11.607,11.607,11.607,11.607,11.607,11.607,23.582
D36,17.511,15.278,14.833,22.514,20.553,17.959,16.372,14.974,16.251,18.119,14.253,19.503,16.994,18.301,18.688,16.626,20.937,17.206,17.859,18.69,22.006,19.958,15.766,16.174,17.341,16.35,17.637,15.953,16.092,16.759,17.941,22.35,20.353,22.649,15.632,17.364,20.716,13.085,14.709,17.618,16.644,16.656,17.742,17.857,20.22,18.016,17.145,14.903,13.79,16.072,13.79,17.171,15.38,16.072,17.456,22.746,15.38,35.413,13.79,15.38,0.0,15.38,15.38,15.38,19.443,0.0,19.443,21.705,22.746,22.746,15.38,15.38,22.746,19.443,17.609,17.016,16.072,0.0,22.746,15.38,19.443,19.443,13.79,999.0,13.79,22.746,15.38,19.443,15.686,15.38,15.38,15.38,15.38,15.38,15.38,22.746
D37,13.737,13.389,11.059,19.96,16.779,14.186,13.245,11.245,12.477,14.992,10.48,15.73,13.867,14.559,16.727,13.451,19.352,13.432,14.732,15.563,18.866,16.831,11.993,12.979,13.606,12.577,13.863,12.18,12.521,12.986,14.814,19.223,16.58,19.522,11.858,13.591,16.942,9.312,14.288,13.845,13.517,12.883,14.615,14.083,16.447,14.242,13.372,11.13,0.0,4.308,0.0,14.044,11.607,4.308,13.896,23.582,11.607,28.899,0.0,11.607,13.566,11.607,11.607,11.607,11.463,13.566,11.463,24.663,23.582,23.582,11.607,11.607,23.582,11.463,4.141,12.49,4.308,13.566,23.582,11.607,11.463,11.463,0.0,13.566,999.0,23.582,11.607,11.463,11.912,11.607,11.607,11.607,11.607,11.607,11.607,23.582
D38,33.26,30.948,31.226,38.183,36.946,34.353,32.042,31.411,32.644,33.788,30.647,35.897,32.663,33.971,34.358,32.295,37.035,33.599,33.528,34.359,37.676,35.628,32.16,31.843,33.011,32.744,33.328,32.347,31.761,33.153,33.61,38.019,36.747,38.318,32.025,33.758,37.109,29.479,30.378,34.012,32.313,33.05,33.411,34.15,36.614,34.409,33.539,31.297,23.289,26.6,23.289,32.84,31.773,26.6,33.125,0.0,31.773,20.25,23.289,31.773,22.562,31.773,31.773,31.773,30.694,22.562,30.694,3.078,0.0,0.0,31.773,31.773,0.0,30.694,23.61,33.41,26.6,22.562,0.0,31.773,30.694,30.694,23.289,22.562,23.289,999.0,31.773,30.694,32.079,31.773,31.773,31.773,31.773,31.773,31.773,0.0
D39,2.617,2.555,1.029,9.126,7.638,4.928,2.214,3.519,1.357,4.158,2.754,5.88,2.903,3.439,5.893,2.33,8.518,2.954,3.898,4.729,8.045,5.997,1.526,1.879,2.485,5.075,2.742,1.059,1.766,2.997,3.98,8.389,7.438,8.688,1.024,3.425,7.801,3.788,4.568,3.667,2.445,2.396,3.781,3.334,7.306,4.88,2.893,1.14,11.678,14.553,11.678,3.21,0.0,14.553,2.775,31.815,0.0,37.133,11.678,0.0,15.607,0.0,0.0,0.0,17.484,15.607,17.484,31.172,31.815,31.815,0.0,0.0,31.815,17.484,15.498,14.552,14.553,15.607,31.815,0.0,17.484,17.484,11.678,15.607,11.678,31.815,999.0,17.484,0.791,0.0,0.0,0.0,0.0,0.0,0.0,31.815
D40,16.18,18.412,17.573,23.249,17.744,15.15,16.65,17.759,16.52,18.741,16.994,16.694,16.816,17.096,20.477,16.593,21.032,15.006,17.792,19.102,19.831,19.13,17.222,17.407,16.156,13.542,16.4,17.4,18.941,14.629,18.352,22.761,17.544,21.362,18.199,14.633,17.907,15.826,20.802,14.887,16.609,15.716,18.153,15.704,17.27,15.207,15.408,17.644,11.468,7.706,11.468,17.49,17.482,7.706,16.481,30.982,17.482,36.838,11.468,17.482,19.54,17.482,17.482,17.482,0.0,19.54,0.0,32.063,30.982,30.982,17.482,17.482,30.982,0.0,9.402,7.309,7.706,19.54,30.982,17.482,0.0,0.0,11.468,19.54,11.468,30.982,17.482,999.0,17.075,17.482,17.482,17.482,17.482,17.482,17.482,30.982
D41,1.825,2.58,1.318,9.006,6.846,4.136,1.423,3.808,0.565,4.045,3.043,5.089,2.112,2.647,5.78,1.539,7.756,2.31,3.194,4.609,7.284,5.236,1.599,1.183,1.694,4.669,1.951,0.325,2.043,2.648,3.86,8.269,6.647,7.926,1.3,2.782,7.01,4.077,4.844,3.024,1.653,1.753,3.661,2.543,6.514,4.088,2.25,1.429,11.967,14.841,11.967,2.616,0.806,14.841,1.983,32.104,0.806,37.421,11.967,0.806,15.896,0.806,0.806,0.806,17.078,15.896,17.078,31.461,32.104,32.104,0.806,0.806,32.104,17.078,15.787,14.146,14.841,15.896,32.104,0.806,17.078,17.078,11.967,15.896,11.967,32.104,0.806,17.078,999.0,0.806,0.806,0.806,0.806,0.806,0.806,32.104
D42,2.617,2.555,1.029,9.126,7.638,4.928,2.214,3.519,1.357,4.158,2.754,5.88,2.903,3.439,5.893,2.33,8.518,2.954,3.898,4.729,8.045,5.997,1.526,1.879,2.485,5.075,2.742,1.059,1.766,2.997,3.98,8.389,7.438,8.688,1.024,3.425,7.801,3.788,4.568,3.667,2.445,2.396,3.781,3.334,7.306,4.88,2.893,1.14,11.678,14.553,11.678,3.21,0.0,14.553,2.775,31.815,0.0,37.133,11.678,0.0,15.607,0.0,0.0,0.0,17.484,15.607,17.484,31.172,31.815,31.815,0.0,0.0,31.815,17.484,15.498,14.552,14.553,15.607,31.815,0.0,17.484,17.484,11.678,15.607,11.678,31.815,0.0,17.484,0.791,999.0,0.0,0.0,0.0,0.0,0.0,31.815
D43,2.617,2.555,1.029,9.126,7.638,4.928,2.214,3.519,1.357,4.158,2.754,5.88,2.903,3.439,5.893,2.33,8.518,2.954,3.898,4.729,8.045,5.997,1.526,1.879,2.485,5.075,2.742,1.059,1.766,2.997,3.98,8.389,7.438,8.688,1.024,3.425,7.801,3.788,4.568,3.667,2.445,2.396,3.781,3.334,7.306,4.88,2.893,1.14,11.678,14.553,11.678,3.21,0.0,14.553,2.775,31.815,0.0,37.133,11.678,0.0,15.607,0.0,0.0,0.0,17.484,15.607,17.484,31.172,31.815,31.815,0.0,0.0,31.815,17.484,15.498,14.552,14.553,15.607,31.815,0.0,17.484,17.484,11.678,15.607,11.678,31.815,0.0,17.484,0.791,0.0,999.0,0.0,0.0,0.0,0.0,31.815
D44,2.617,2.555,1.029,9.126,7.638,4.928,2.214,3.519,1.357,4.158,2.754,5.88,2.903,3.439,5.893,2.33,8.518,2.954,3.898,4.729,8.045,5.997,1.526,1.879,2.485,5.075,2.742,1.059,1.766,2.997,3.98,8.389,7.438,8.688,1.024,3.425,7.801,3.788,4.568,3.667,2.445,2.396,3.781,3.334,7.306,4.88,2.893,1.14,11.678,14.553,11.678,3.21,0.0,14.553,2.775,31.815,0.0,37.133,11.678,0.0,15.607,0.0,0.0,0.0,17.484,15.607,17.484,31.172,31.815,31.815,0.0,0.0,31.815,17.484,15.498,14.552,14.553,15.607,31.815,0.0,17.484,17.484,11.678,15.607,11.678,31.815,0.0,17.484,0.791,0.0,0.0,999.0,0.0,0.0,0.0,31.815
D45,2.617,2.555,1.029,9.126,7.638,4.928,2.214,3.519,1.357,4.158,2.754,5.88,2.903,3.439,5.893,2.33,8.518,2.954,3.898,4.729,8.045,5.997,1.526,1.879,2.485,5.075,2.742,1.059,1.766,2.997,3.98,8.389,7.438,8.688,1.024,3.425,7.801,3.788,4.568,3.667,2.445,2.396,3.781,3.334,7.306,4.88,2.893,1.14,11.678,14.553,11.678,3.21,0.0,14.553,2.775,31.815,0.0,37.133,11.678,0.0,15.607,0.0,0.0,0.0,17.484,15.607,17.484,31.172,31.815,31.815,0.0,0.0,31.815,17.484,15.498,14.552,14.553,15.607,31.815,0.0,17.484,17.484,11.678,15.607,11.678,31.815,0.0,17.484,0.791,0.0,0.0,0.0,999.0,0.0,0.0,31.815
D46,2.617,2.555,1.029,9.126,7.638,4.928,2.214,3.519,1.357,4.158,2.754,5.88,2.903,3.439,5.893,2.33,8.518,2.954,3.898,4.729,8.045,5.997,1.526,1.879,2.485,5.075,2.742,1.059,1.766,2.997,3.98,8.389,7.438,8.688,1.024,3.425,7.801,3.788,4.568,3.667,2.445,2.396,3.781,3.334,7.306,4.88,2.893,1.14,11.678,14.553,11.678,3.21,0.0,14.553,2.775,31.815,0.0,37.133,11.678,0.0,15.607,0.0,0.0,0.0,17.484,15.607,17.484,31.172,31.815,31.815,0.0,0.0,31.815,17.484,15.498,14.552,14.553,15.607,31.815,0.0,17.484,17.484,11.678,15.607,11.678,31.815,0.0,17.484,0.791,0.0,0.0,0.0,0.0,999.0,0.0,31.815
D47,2.617,2.555,1.029,9.126,7.638,4.928,2.214,3.519,1.357,4.158,2.754,5.88,2.903,3.439,5.893,2.33,8.518,2.954,3.898,4.729,8.045,5.997,1.526,1.879,2.485,5.075,2.742,1.059,1.766,2.997,3.98,8.389,7.438,8.688,1.024,3.425,7.801,3.788,4.568,3.667,2.445,2.396,3.781,3.334,7.306,4.88,2.893,1.14,11.678,14.553,11.678,3.21,0.0,14.553,2.775,31.815,0.0,37.133,11.678,0.0,15.607,0.0,0.0,0.0,17.484,15.607,17.484,31.172,31.815,31.815,0.0,0.0,31.815,17.484,15.498,14.552,14.553,15.607,31.815,0.0,17.484,17.484,11.678,15.607,11.678,31.815,0.0,17.484,0.791,0.0,0.0,0.0,0.0,0.0,999.0,31.815
D48,33.26,30.948,31.226,38.183,36.946,34.353,32.042,31.411,32.644,33.788,30.647,35.897,32.663,33.971,34.358,32.295,37.035,33.599,33.528,34.359,37.676,35.628,32.16,31.843,33.011,32.744,33.328,32.347,31.761,33.153,33.61,38.019,36.747,38.318,32.025,33.758,37.109,29.479,30.378,34.012,32.313,33.05,33.411,34.15,36.614,34.409,33.539,31.297,23.289,26.6,23.289,32.84,31.773,26.6,33.125,0.0,31.773,20.25,23.289,31.773,22.562,31.773,31.773,31.773,30.694,22.562,30.694,3.078,0.0,0.0,31.773,31.773,0.0,30.694,23.61,33.41,26.6,22.562,0.0,31.773,30.694,30.694,23.289,22.562,23.289,0.0,31.773,30.694,32.079,31.773,31.773,31.773,31.773,31.773,31.773,999.0
